{
  "threshold": 0.3,
  "PR_AUC": 0.9690828172687439,
  "ROC_AUC": 0.8636363636363636,
  "Spearman": 0.6414073616852051,
  "Precision@5": 1.0,
  "NDCG@5": 0.9737589844975315,
  "Max_F1": 0.912621359223301
}