{
  "threshold": 0.4,
  "PR_AUC": 0.9585839376633404,
  "ROC_AUC": 0.8308823529411765,
  "Spearman": 0.7870533935989635,
  "Precision@5": 1.0,
  "NDCG@5": 0.9999999999999999,
  "Max_F1": 0.9189189189189189
}