{
  "threshold": 0.5,
  "PR_AUC": 0.9952885187624956,
  "ROC_AUC": 0.9414414414414414,
  "Spearman": 0.6386950772539989,
  "Precision@5": 1.0,
  "NDCG@5": 0.9737589844975315,
  "Max_F1": 0.961038961038961
}